Endereco,Valor
0,17920
1,19200
2,20480
3,21760
4,0
9,0
10,21760
15,0
16,21760
25,0
26,1280
27,2560
28,3840
29,5120
30,6400
31,7680
32,8960
33,10240
34,11520
37,14080
38,21760
43,0
44,21760
51,0
52,21760
57,0
58,21760
68,0
69,21760
74,0
81,0
82,21760
87,0
98,0
99,1280
100,2560
101,3840
102,5120
103,6400
104,7680
105,8960
106,10240
107,11520
108,12800
109,14080
110,15360
111,16640
112,17920
113,19200
114,20480
115,21760
122,0
123,21760
128,0
129,21760
134,0
135,21760
142,0
143,21760
150,0
151,21760
156,0
157,21760
166,0
173,0
174,21760
183,0
184,21760
196,21760
205,21760
211,0
213,21760
224,0
225,1280
226,2560
227,3840
228,5120
229,6400
230,7680
231,8960
232,10240
233,11520
234,12800
235,14080
236,15360
237,16640
238,17920
239,19200
240,20480
241,21760
250,0
251,1280
252,2560
253,3840
254,5120
255,6400
256,7680
257,8960
258,10240
259,11520
260,12800
261,14080
262,15360
263,16640
264,17920
265,19200
266,20480
267,21760
272,0
273,21760
276,0
278,0
279,0
280,0
281,21760
288,0
289,0
290,21760
295,0
296,21760
303,0
304,0
305,0
310,0
311,0
312,1280
313,0
315,3840
316,5120
317,6400
318,7680
319,8960
320,10240
321,11520
322,12800
323,14080
324,15360
325,16640
326,17920
327,19200
328,20480
329,21760
336,0
337,20480
338,21760
342,0
343,0
344,0
345,1280
346,2560
347,3840
348,5120
351,6400
352,0
353,0
354,8960
355,10240
356,11520
357,12800
358,14080
359,15360
360,16640
361,17920
362,19200
363,20480
364,21760
369,0
370,21760
375,0
376,21760
384,208
385,0
386,1280
387,2560
388,3840
389,5120
390,6400
391,7680
392,8960
393,10240
394,11520
395,12800
396,14080
397,0
398,227
399,16640
400,17920
401,19200
402,20480
403,21760
408,0
409,21760
416,21760
421,0
430,0
431,21760
436,0
437,21760
442,0
452,21760
462,21760
467,0
468,21760
475,0
476,21760
481,0
482,21760
487,0
496,0
497,21760
502,0
509,0
510,21760
515,0
516,21760
518,0
521,0
522,0
523,0
524,21760
525,0
526,0
530,0
531,21760
536,0
545,0
546,0
547,20480
548,21760
553,0
554,0
555,0
559,0
560,0
561,0
562,21760
563,0
573,0
574,21760
576,0
579,0
580,0
581,0
582,21760
583,0
584,0
585,0
586,0
588,0
589,0
590,0
591,21760
596,0
597,21760
602,0
603,21760
608,0
609,21760
611,0
612,0
615,0
616,21760
621,0
622,21760
625,16640
626,17920
627,19200
628,20480
629,21760
638,0
639,21760
644,0
645,21760
649,0
650,0
651,0
652,21760
658,0
659,21760
668,0
670,21760
675,1
680,0
681,21760
686,0
687,20480
688,21760
695,0
702,0
703,21760
712,0
713,21760
726,0
727,21760
734,0
735,21760
744,0
745,21760
752,0
759,0
760,21760
767,0
768,21760
773,0
774,21760
779,0
783,6400
784,7680
785,8960
786,10240
787,11520
788,12800
789,14080
790,15360
791,16640
792,17920
793,19200
794,20480
795,21760
801,0
802,20480
803,21760
810,0
811,21760
817,0
818,20480
819,21760
828,0
829,1280
830,2560
831,3840
832,5120
833,6400
834,7680
835,8960
836,10240
837,11520
838,12800
839,14080
840,15360
841,16640
842,17920
843,19200
844,20480
845,21760
850,0
851,0
852,0
857,0
864,0
865,0
866,1280
867,2560
868,3840
869,5120
870,0
871,6400
872,7680
873,8960
874,10240
875,11520
876,12800
877,14080
878,15360
879,16640
880,17920
881,19200
882,20480
883,21760
892,0
893,21760
898,0
899,21760
904,0
913,0
925,0
932,0
939,0
940,21760
949,0
950,21760
955,0
964,0
965,21760
972,0
973,21760
978,0
979,21760
984,0
985,21760
990,0
991,21760
996,0
1006,0
1007,21760
1013,0
1020,0
1021,21760
1025,0
1026,0
1027,0
1028,21760
1030,0
1034,0
1035,21760
1037,0
1040,0
1041,21760
1046,0
1047,21760
1051,0
1052,0
1053,0
1054,21760
1059,0
1060,0
1061,0
1066,0
1067,20480
1068,21760
1073,0
1074,0
1075,20480
1076,21760
1078,0
1079,0
1082,0
1083,21760
1088,0
1089,21760
1093,0
1094,0
1095,0
1096,21760
1098,0
1099,0
1102,0
1103,21760
1108,0
1109,0
1110,0
1114,0
1115,0
1116,0
1117,21760
1118,0
1122,0
1123,21760
1128,0
1129,21760
1136,0
1137,20480
1138,21760
1146,21760
1155,0
1157,21760
1162,0
1163,21760
1170,0
1171,21760
1178,0
1179,21760
1184,0
1185,21760
1190,0
1191,21760
1200,0
1201,21760
1211,0
1212,1280
1213,2560
1214,3840
1215,5120
1216,6400
1217,7680
1218,8960
1219,10240
1220,11520
1221,12800
1222,14080
1223,15360
1224,16640
1227,19200
1228,20480
1229,21760
1238,0
1239,21760
1249,0
1250,21760
1257,0
1258,21760
1263,0
1272,0
1273,21760
1280,0
1281,0
1282,0
1283,11520
1284,12800
1285,14080
1286,0
1287,0
1288,0
1289,0
1290,17920
1291,0
1292,0
1293,20480
1294,21760
1299,0
1300,0
1301,0
1302,21760
1305,0
1308,0
1309,21760
1314,0
1315,20480
1316,21760
1325,0
1326,21760
1333,0
1334,0
1335,21760
1340,0
1341,0
1343,0
1345,20480
1346,21760
1347,0
1348,0
1352,0
1353,0
1354,21760
1360,0
1362,0
1363,0
1364,0
1365,0
1366,1280
1367,2560
1368,3840
1369,5120
1370,6400
1371,7680
1372,8960
1373,10240
1374,11520
1375,12800
1376,14080
1377,15360
1378,16640
1379,17920
1380,19200
1381,20480
1382,21760
1387,0
1388,21760
1393,0
1394,21760
1399,0
1400,0
1404,0
1405,0
1406,0
1407,21760
1410,0
1412,0
1413,21760
1417,0
1418,0
1419,0
1420,21760
1421,0
1422,0
1426,0
1427,21760
1431,0
1432,0
1433,0
1434,21760
1436,0
1438,20480
1439,21760
1443,0
1445,0
1446,0
1447,0
1448,21760
1453,0
1454,20480
1455,21760
1459,0
1461,0
1462,20480
1463,21760
1472,0
1473,21760
1478,0
1479,21760
1488,0
1489,1280
1490,2560
1491,3840
1492,5120
1493,6400
1494,7680
1495,8960
1496,10240
1497,11520
1498,12800
1499,14080
1500,15360
1501,16640
1502,17920
1503,19200
1504,20480
1505,21760
1514,0
1518,7680
1519,8960
1520,10240
1521,11520
1522,12800
1523,14080
1524,15360
1525,16640
1526,17920
1527,19200
1528,20480
1529,21760
1534,0
1547,0
1548,21760
1555,0
1558,21760
1565,0
1572,0
1573,21760
1578,0
1579,21760
1586,0
1587,21760
1592,0
1601,0
1602,21760
1607,0
1608,21760
1613,0
1614,21760
1619,0
1620,21760
1625,0
1636,0
1637,21760
1644,0
1651,20480
1652,21760
1661,0
1662,1280
1663,2560
1664,3840
1665,5120
1666,6400
1667,7680
1668,8960
1669,10240
1670,11520
1671,12800
1672,14080
1673,15360
1674,16640
1675,17920
1676,19200
1677,20480
1678,21760
1683,0
1684,21760
1695,0
1696,1280
1697,2560
1698,3840
1699,5120
1700,6400
1701,7680
1702,8960
1703,10240
1704,11520
1705,12800
1706,14080
1707,15360
1708,16640
1709,17920
1710,19200
1711,20480
1712,21760
1717,0
1718,21760
1723,0
1724,21760
1729,0
1730,21760
1739,0
1740,21760
1745,0
1752,0
1753,21760
1762,0
1771,0
1772,21760
1779,0
1780,21760
1787,0
1788,21760
1793,0
1794,21760
1799,0
1806,0
1808,21760
1813,0
1814,21760
1823,0
1824,21760
1831,0
1832,21760
1841,0
1852,0
1853,21760
1860,0
1861,21760
1866,0
1867,21760
1876,0
1877,21760
1882,0
1889,0
1899,0
1900,21760
1909,0
1910,21760
1920,0
1921,21760
1928,0
1929,21760
1935,0
1936,21760
1941,0
1942,21760
1949,0
1950,21760
1961,0
1962,21760
1967,0
1968,21760
1974,0
1975,21760
1983,0
1984,21760
1989,0
2000,0
2001,21760
2006,0
2007,21760
2012,0
2025,0
2026,1280
2027,2560
2028,3840
2029,5120
2030,6400
2031,7680
2032,8960
2033,10240
2034,11520
2035,12800
2036,14080
2037,15360
2038,16640
2039,17920
2040,19200
2043,20480
2050,0
2051,21760
2056,0
2057,21760
2062,0
2071,0
2079,0
2080,21760
2085,0
2096,0
2099,2560
2100,3840
2103,5120
2106,7680
2107,8960
2108,10240
2109,11520
2110,12800
2111,14080
2112,15360
2113,16640
2114,17920
2115,19200
2116,20480
2117,21760
2122,0
2123,21760
2130,0
2131,21760
2140,0
2141,21760
2148,0
2149,21760
2154,0
2155,21760
2164,0
2165,21760
2172,0
2173,21760
2182,0
2185,2560
2186,3840
2187,5120
2188,6400
2189,7680
2190,8960
2191,10240
2192,11520
2193,12800
2194,14080
2195,15360
2196,16640
2197,17920
2198,19200
2199,20480
2200,21760
2205,0
2206,21760
2211,0
2212,21760
2217,0
2218,21760
2223,0
2224,21760
2229,0
2230,21760
2237,0
2238,21760
2249,0
2250,21760
2257,0
2258,21760
2267,0
2269,21760
2275,0
2276,21760
2283,0
2284,21760
2289,0
2290,21760
2295,0
2296,21760
2303,0
2305,21760
2311,0
2312,21760
2319,0
2320,21760
2325,0
2326,21760
2333,0
2334,21760
2343,0
2344,21760
2352,0
2353,21760
2362,0
2365,21760
2378,0
2379,21760
2386,0
2387,21760
2394,0
2395,21760
2404,0
2405,21760
2414,0
2415,21760
2422,0
2435,0
2436,21760
2441,0
2442,21760
2447,0
2448,21760
2455,0
2456,21760
2461,0
2462,21760
2471,0
2472,1280
2473,2560
2474,3840
2475,5120
2476,6400
2477,7680
2478,8960
2479,10240
2480,11520
2481,12800
2482,14080
2483,15360
2484,16640
2485,17920
2486,19200
2487,20480
2488,21760
2493,0
2502,20480
2503,21760
2508,0
2515,0
2522,0
2523,21760
2528,0
2540,0
2541,1280
2542,2560
2543,3840
2544,5120
2545,6400
2546,7680
2547,8960
2548,10240
2549,11520
2550,12800
2551,14080
2552,15360
2553,16640
2554,17920
2555,19200
2556,20480
2557,21760
2564,0
2565,21760
2575,0
2578,1280
2579,2560
2580,3840
2581,5120
2582,6400
2583,7680
2584,8960
2585,10240
2586,11520
2587,12800
2588,14080
2589,15360
2590,16640
2591,17920
2592,19200
2593,20480
2594,21760
2599,0
2609,0
2610,21760
2615,0
2616,21760
2621,0
2630,0
2631,21760
2636,0
2637,21760
2642,0
2649,0
2650,21760
2655,0
2666,0
2669,21760
2674,0
2675,21760
2680,0
2681,21760
2690,0
2691,21760
2698,0
2699,21760
2707,0
2708,21760
2718,21760
2723,0
2724,21760
2731,0
2737,8960
2738,10240
2739,11520
2740,12800
2741,14080
2742,15360
2743,16640
2744,17920
2745,19200
2746,20480
2747,21760
2752,0
2753,21760
2760,0
2761,21760
2766,0
2772,7680
2773,8960
2774,10240
2775,11520
2776,12800
2777,14080
2778,15360
2779,16640
2780,17920
2781,19200
2782,20480
2783,21760
2788,0
2795,0
2804,0
2805,21760
2812,0
2813,21760
2820,0
2821,21760
2826,0
2827,21760
2834,0
2836,21760
2841,0
2842,21760
2847,0
2848,21760
2853,0
2854,21760
2862,0
2873,0
2874,21760
2879,0
2880,21760
2889,0
2890,21760
2899,0
2900,21760
2908,0
2909,21760
2914,0
2915,21760
2920,0
2931,0
2932,21760
2939,0
2940,21760
2949,0
2950,21760
2955,0
2956,21760
2961,0
2962,21760
2967,0
2983,0
2984,21760
2991,0
2992,21760
2997,0
2998,21760
3007,0
3008,21760
3015,0
3016,21760
3024,0
3025,21760
3030,0
3031,21760
3036,0
3043,0
3050,0
3057,0
3060,21760
3069,0
3070,21760
3077,0
3087,0
3088,21760
3093,0
3094,21760
3101,0
3102,21760
3111,0
3112,1280
3113,2560
3114,3840
3115,5120
3116,6400
3117,7680
3118,8960
3119,10240
3120,11520
3121,12800
3122,14080
3123,15360
3124,16640
3125,17920
3126,19200
3127,20480
3128,21760
3137,0
3144,0
3145,21760
3150,0
3151,21760
3158,0
3159,21760
3164,0
3165,21760
3172,0
3173,21760
3178,0
3179,21760
3184,0
3188,7680
3189,8960
3190,10240
3191,11520
3192,12800
3193,14080
3194,15360
3195,16640
3196,17920
3197,19200
3198,20480
3199,21760
3208,0
3209,1280
3210,2560
3211,3840
3212,5120
3213,6400
3214,7680
3215,8960
3216,10240
3217,11520
3220,14080
3221,15360
3222,16640
3223,17920
3224,19200
3225,20480
3226,21760
3235,0
3236,21760
3244,0
3253,0
3254,21760
3263,0
3264,21760
3273,0
3282,0
3283,21760
3288,0
3295,0
3296,21760
3307,0
3308,21760
3313,0
3314,21760
3323,0
3324,21760
3329,0
3330,21760
3335,0
3337,21760
3342,0
3352,0
3359,0
3360,21760
3365,0
3366,21760
3375,0
3376,21760
3381,0
3393,0
3394,21760
3399,0
3400,21760
3409,0
3410,21760
3420,0
3421,21760
3426,0
3435,0
3436,21760
3442,0
3449,20480
3450,21760
3459,0
3466,0
3477,0
3480,2560
3481,3840
3482,5120
3483,6400
3484,7680
3485,8960
3486,10240
3487,11520
3488,12800
3489,14080
3490,15360
3491,16640
3492,17920
3493,19200
3494,20480
3495,21760
3500,0
3507,0
3508,21760
3513,0
3520,20480
3521,21760
3526,0
3527,21760
3536,0
3537,1280
3538,2560
3539,3840
3540,5120
3541,6400
3542,7680
3543,8960
3544,10240
3545,11520
3546,12800
3547,14080
3548,15360
3549,16640
3550,17920
3551,19200
3552,20480
3553,21760
3560,0
3569,0
3570,21760
3579,0
3580,21760
3589,0
3590,21760
3595,0
3604,0
3605,21760
3614,0
3615,21760
3622,0
3631,0
3632,21760
3639,0
3640,21760
3645,0
3646,21760
3652,0
3653,21760
3662,0
3663,21760
3673,0
3674,21760
3679,0
3680,21760
3687,0
3688,21760
3693,0
3695,21760
3700,0
3701,21760
3710,0
3719,0
3720,21760
3725,0
3726,21760
3735,0
3745,21760
3756,0
3757,21760
3765,0
3772,0
3773,21760
3780,0
3781,21760
3792,0
3793,21760
3798,0
3799,21760
3808,0
3809,21760
3814,0
3823,0
3824,21760
3833,0
3834,21760
3843,0
3844,21760
3850,0
3856,7680
3859,10240
3860,11520
3861,12800
3862,14080
3863,15360
3864,16640
3865,17920
3866,19200
3867,20480
3868,21760
3875,0
3876,21760
3885,0
3886,21760
3891,0
3900,0
3901,21760
3907,0
3908,21760
3916,0
3917,1280
3918,2560
3919,3840
3920,5120
3921,6400
3922,7680
3923,8960
3924,10240
3925,11520
3926,12800
3927,14080
3928,15360
3929,16640
3930,17920
3931,19200
3932,20480
3933,21760
3938,0
3939,21760
3944,0
3957,0
3958,1280
3959,2560
3960,3840
3961,5120
3962,6400
3963,7680
3964,8960
3965,10240
3966,11520
3967,12800
3968,14080
3969,15360
3970,16640
3971,17920
3972,19200
3973,20480
3974,21760
3981,0
3982,21760
3987,0
3988,21760
3997,0
3998,1280
3999,2560
4000,3840
4001,5120
4002,6400
4003,7680
4004,8960
4005,10240
4006,11520
4007,12800
4008,14080
4009,15360
4010,16640
4011,17920
4012,19200
4013,20480
4014,21760
4023,0
4024,21760
4036,0
4037,21760
4042,0
4043,21760
4050,0
4051,21760
4062,0
4063,1280
4064,2560
4065,3840
4066,5120
4067,6400
4068,7680
4069,8960
4070,10240
4071,11520
4072,12800
4073,14080
4074,15360
4075,16640
4076,17920
4077,19200
4078,20480
4079,21760
4089,21760
4096,0
4097,21760
4102,0
4103,20480
4104,21760
4112,0
4113,1280
4114,2560
4115,3840
4116,5120
4117,6400
4119,0
4120,8960
4121,10240
4122,11520
4123,12800
4124,14080
4125,15360
4126,16640
4127,17920
4128,19200
4129,20480
4130,21760
4137,0
4138,21760
4143,0
4144,21760
4149,0
4150,21760
4158,0
4165,0
4166,21760
4171,0
4178,0
4179,21760
4188,0
4189,1280
4190,2560
4191,3840
4192,5120
4193,6400
4194,7680
4195,8960
4196,10240
4197,11520
4198,12800
4199,14080
4200,15360
4201,16640
4202,17920
4203,19200
4204,20480
4205,21760
4210,0
4211,21760
4217,0
4218,21760
4225,0
4226,21760
4234,0
4235,21760
4242,0
4243,21760
4248,0
4257,0
4258,21760
4263,0
4264,21760
4269,0
4270,21760
4278,0
4279,21760
4286,0
4288,21760
4294,0
4301,0
4302,21760
4307,0
4316,0
4317,21760
4326,0
4327,21760
4332,0
4339,0
4340,21760
4349,0
4350,21760
4358,0
4361,21760
4368,65316
4369,0
4370,1280
4371,2560
4372,3840
4373,5120
4374,6400
4375,7680
4376,8960
4377,10240
4378,11520
4379,12800
4380,14080
4381,15360
4382,16640
4383,17920
4384,19200
4385,20480
4386,21760
4391,0
4398,0
4399,21760
4404,0
4405,21760
4410,0
4411,21760
4416,0
4417,21760
4426,0
4427,21760
4433,0
4434,21760
4442,0
4443,21760
4448,0
4449,21760
4458,0
4459,1280
4460,2560
4461,3840
4462,5120
4463,6400
4464,7680
4465,8960
4466,10240
4467,11520
4468,12800
4469,14080
4470,15360
4471,16640
4472,17920
4473,19200
4474,20480
4475,21760
4480,0
4481,21760
4488,0
4490,21760
4497,0
4498,21760
4503,0
4504,21760
4511,0
4512,21760
4517,0
4518,21760
4526,0
4527,21760
4532,0
4533,21760
4538,0
4545,20480
4550,0
4551,21760
4556,0
4557,21760
4564,0
4575,0
4576,21760
4581,0
4591,0
4592,21760
4597,0
4598,21760
4603,0
4604,21760
4611,0
4623,0
4624,1280
4625,2560
4626,3840
4627,5120
4628,6400
4629,7680
4630,8960
4631,10240
4632,11520
4633,12800
4634,14080
4635,15360
4636,16640
4637,17920
4638,19200
4639,20480
4640,21760
4644,0
4646,0
4647,21760
4654,0
4655,21760
4662,0
4663,21760
4672,0
4673,21760
4678,0
4679,21760
4684,0
4685,21760
4690,0
4700,0
4704,1280
4705,2560
4706,3840
4707,5120
4708,6400
4709,7680
4710,8960
4711,10240
4712,11520
4713,12800
4716,14080
4719,16640
4722,19200
4723,20480
4724,21760
4735,0
4736,1280
4737,2560
4738,3840
4739,5120
4740,6400
4741,7680
4742,8960
4743,10240
4744,11520
4745,12800
4746,14080
4747,15360
4748,16640
4749,17920
4750,19200
4751,20480
4752,21760
4757,0
4758,21760
4763,0
4773,0
4774,21760
4779,0
4786,0
4799,21760
4804,0
4805,21760
4815,0
4817,2560
4818,3840
4819,5120
4820,6400
4821,7680
4822,8960
4823,10240
4824,11520
4825,12800
4826,14080
4827,15360
4828,16640
4829,17920
4830,19200
4831,20480
4832,21760
4841,0
4842,1280
4843,2560
4844,3840
4845,5120
4846,6400
4847,7680
4848,8960
4849,10240
4850,11520
4853,14080
4854,15360
4855,16640
4856,17920
4857,19200
4858,20480
4859,21760
4865,0
4866,20480
4867,21760
4872,0
4881,65316
4882,20480
4883,21760
4888,0
4889,20480
4890,21760
4897,0
4898,0
4901,7680
4902,8960
4903,10240
4904,11520
4905,12800
4906,14080
4907,15360
4908,16640
4909,17920
4910,19200
4911,20480
4912,21760
4916,5
4918,0
4919,20480
4920,21760
4927,0
4928,0
4929,0
4933,0
4934,0
4935,0
4936,21760
4941,0
4942,21760
4947,0
4948,21760
4953,0
4954,21760
4959,0
4968,0
4975,0
4976,21760
4985,0
4986,21760
4993,0
5005,0
5006,21760
5011,0
5012,21760
5017,0
5018,21760
5027,0
5028,1280
5029,2560
5030,3840
5031,5120
5032,6400
5035,8960
5036,14080
5037,15360
5038,16640
5039,17920
5040,19200
5041,20480
5042,21760
5047,0
5048,21760
5055,0
5056,21760
5061,0
5074,0
5075,21760
5081,0
5088,0
5101,0
5102,21760
5107,0
5116,0
5123,0
5124,21760
5126,0
5132,0
5133,21760
5139,0
5140,20480
5141,21760
5146,0
5147,20480
5148,21760
5153,0
5154,21760
5159,0
5160,20480
5161,21760
5166,0
5177,0
5178,21760
5186,0
5187,21760
5193,0
5194,21760
5199,0
5200,21760
5209,0
5210,21760
5215,0
5216,21760
5221,0
5228,0
5229,21760
5234,0
5235,21760
5243,0
5244,21760
5249,0
5250,21760
5257,0
5266,0
5267,21760
5276,0
5277,21760
5285,0
5286,21760
5295,0
5296,21760
5301,0
5302,21760
5309,0
5310,21760
5315,0
5320,0
5321,21760
5329,0
5330,21760
5337,0
5338,21760
5347,0
5348,1280
5349,2560
5350,3840
5351,5120
5352,6400
5353,7680
5354,8960
5355,10240
5356,11520
5357,12800
5358,14080
5359,15360
5360,16640
5361,17920
5362,19200
5363,20480
5364,21760
5371,0
5372,21760
5377,0
5378,21760
5382,0
5384,30
5385,100
5386,0
5387,1280
5388,2560
5389,3840
5390,5120
5391,6400
5392,7680
5393,8960
5394,10240
5395,11520
5396,12800
5397,14080
5398,15360
5399,16640
5400,17920
5401,19200
5402,20480
5403,21760
5406,0
5408,0
5409,0
5410,0
5411,2560
5412,3840
5413,5120
5414,6400
5415,7680
5416,8960
5417,10240
5418,11520
5419,12800
5420,14080
5421,15360
5422,16640
5423,17920
5424,19200
5425,20480
5426,21760
5430,0
5431,0
5432,0
5433,21760
5438,0
5440,21760
5445,0
5446,21760
5451,0
5452,21760
5457,0
5467,0
5468,21760
5473,0
5477,7680
5478,8960
5479,10240
5480,11520
5481,12800
5482,14080
5483,15360
5484,16640
5485,17920
5486,19200
5487,20480
5488,21760
5494,0
5495,21760
5502,0
5503,1280
5504,2560
5505,3840
5506,5120
5507,6400
5508,7680
5509,8960
5510,10240
5511,11520
5512,12800
5513,14080
5514,15360
5515,16640
5516,17920
5517,19200
5518,20480
5519,21760
5526,0
5527,21760
5533,0
5544,0
5551,0
5552,21760
5559,0
5560,21760
5567,0
5569,21760
5574,0
5575,21760
5590,0
5591,1280
5592,2560
5593,3840
5594,5120
5595,6400
5596,7680
5597,8960
5598,10240
5599,11520
5600,12800
5601,14080
5602,15360
5603,16640
5604,17920
5605,19200
5606,20480
5607,21760
5612,0
5613,21760
5618,0
5619,21760
5626,0
5627,21760
5632,0
5635,0
5636,21760
5643,0
5644,3840
5645,5120
5646,6400
5647,7680
5648,8960
5649,10240
5650,11520
5651,12800
5652,14080
5653,15360
5654,16640
5655,17920
5656,19200
5657,20480
5658,21760
5663,0
5664,21760
5666,0
5667,0
5670,0
5677,0
5678,21760
5683,0
5684,21760
5691,0
5692,21760
5697,0
5698,21760
5705,0
5716,0
5717,21760
5722,0
5723,21760
5730,0
5731,21760
5738,0
5739,21760
5746,0
5747,21760
5755,0
5756,21760
5763,21760
5770,0
5771,21760
5780,0
5791,0
5792,21760
5799,0
5800,21760
5807,0
5814,20480
5815,21760
5820,0
5827,0
5828,21760
5835,0
5836,21760
5841,0
5848,0
5849,21760
5854,0
5855,21760
5860,0
5871,0
5876,0
5877,21760
5886,0
5887,21760
5892,0
5893,20480
5894,21760
5902,0
5903,21760
5908,0
5909,21760
5914,0
5921,0
5922,0
5923,0
5928,0
5929,0
5930,0
5931,1280
5932,2560
5933,3840
5934,5120
5935,6400
5936,7680
5937,8960
5938,10240
5939,11520
5940,12800
5941,14080
5942,15360
5943,16640
5944,17920
5945,19200
5946,20480
5947,21760
5952,0
5953,21760
5958,0
5959,21760
5964,0
5965,0
5966,0
5967,0
5968,0
5970,0
5973,0
5974,0
5975,0
5976,21760
5983,0
5994,0
5995,21760
